[
	{
		"id":0,
		"title": "山东世纪花城小区景观人工雾化，来自上海雾盛",
		"imagesPath": "images/3jingguanzaowu/jiangguanzaowu1.jpg"
	},
	{
		"id":1,
		"title": "逍遥公园经雾盛设计方案！达到了即美观又降温的实际效果！吸引游客眼球",
		"imagesPath": "images/3jingguanzaowu/jiangguanzaowu2.jpg"
	},
	{
		"id":2,
		"title": "荷花节我公司喷雾降温终端闪亮登场！！！雾盛你值得拥有！",
		"imagesPath": "images/3jingguanzaowu/jiangguanzaowu3.jpg"
	},
	{
		"id":3,
		"title": "海南广场景观人造雾，海豚在雾上起舞！",
		"imagesPath": "images/3jingguanzaowu/jiangguanzaowu4.jpg"
	},
	{
		"id":4,
		"title": "融辉城景观造雾！选择雾盛，选择放心！",
		"imagesPath": "images/3jingguanzaowu/jiangguanzaowu5.jpg"
	},
	{
		"id":5,
		"title": "无锡马山旅游度假区！环境优美的不要不要的！！旅游度假绝佳去处！",
		"imagesPath": "images/3jingguanzaowu/jiangguanzaowu6.jpg"
	},
	{
		"id":6,
		"title": "湖溪庄园景观造雾！这小区太高端了！！！",
		"imagesPath": "images/3jingguanzaowu/jiangguanzaowu7.jpg"
	},
	{
		"id":7,
		"title": "外滩18号景观造雾！雾盛出品！精致工程！",
		"imagesPath": "images/3jingguanzaowu/jiangguanzaowu8.jpg"
	},
	{
		"id":8,
		"title": "世纪公园景观造雾！客户要求怎么做！",
		"imagesPath": "images/3jingguanzaowu/jiangguanzaowu9.jpg"
	},
	{
		"id":9,
		"title": "魅力万科二期景观造雾！雾盛出品！",
		"imagesPath": "images/3jingguanzaowu/jiangguanzaowu10.jpg"
	},
	{
		"id":10,
		"title": "太湖威尼斯花园小区水池景观造雾！",
		"imagesPath": "images/3jingguanzaowu/jiangguanzaowu11.jpg"
	},
	{
		"id":11,
		"title": "六安凯旋官邸小区人造雾",
		"imagesPath": "images/3jingguanzaowu/jiangguanzaowu12.jpg"
	},
	{
		"id":12,
		"title": "广州小区景观造雾",
		"imagesPath": "images/3jingguanzaowu/jiangguanzaowu13.jpg"
	},
	{
		"id":13,
		"title": "上海华侨城景观造雾",
		"imagesPath": "images/3jingguanzaowu/jiangguanzaowu14.jpg"
	},
	{
		"id":14,
		"title": "福建政和公园人照雾现场图",
		"imagesPath": "images/3jingguanzaowu/jiangguanzaowu15.jpg"
	},
	{
		"id":15,
		"title": "园林景观造雾工程案例",
		"imagesPath": "images/3jingguanzaowu/jiangguanzaowu16.jpg"
	},
	{
		"id":16,
		"title": "景观造雾",
		"imagesPath": "images/3jingguanzaowu/jiangguanzaowu17.jpg"
	},
	{
		"id":17,
		"title": "景观造雾",
		"imagesPath": "images/3jingguanzaowu/jiangguanzaowu18.jpg"
	},
	{
		"id":18,
		"title": "青海万科国际i小区景观造雾完工案列",
		"imagesPath": "images/3jingguanzaowu/jiangguanzaowu19.jpg"
	},
	{	
		"id":19,
		"title": "无锡鼋头诸国家5A景区景观造雾",
		"imagesPath": "images/3jingguanzaowu/jiangguanzaowu20.jpg"
	},
	{
		"id":20,
		"title": "上海保利景观造雾 完美",
		"imagesPath": "images/3jingguanzaowu/jiangguanzaowu21.jpg"
	},
	{
		"id":21,
		"title": "山东文化公园景观造雾",
		"imagesPath": "images/3jingguanzaowu/jiangguanzaowu22.jpg"
	},
	{
		"id":22,
		"title": "苏州太湖景园景观造雾",
		"imagesPath": "images/3jingguanzaowu/jiangguanzaowu23.jpg"
	},
	{
		"id":23,
		"title": "上海小区景观造雾完工实景",
		"imagesPath": "images/3jingguanzaowu/jiangguanzaowu24.jpg"
	}
]
