[
	{
		"id":0,
		"title": "逍遥公园经雾盛设计方案！达到了即美观又降温的实际效果！吸引游客眼球",
		"imagesPath": "images/1penwujiangwen/pengwujiangwen1.jpg"
	},
	{
		"id":1,
		"title": "荷花节我公司喷雾降温终端闪亮登场！！！雾盛你值得拥有！",
		"imagesPath": "images/1penwujiangwen/pengwujiangwen2.jpg"
	},
	{
		"id":2,
		"title": "公园喷雾降温，美观！",
		"imagesPath": "images/1penwujiangwen/pengwujiangwen3.jpg"
	},
	{
		"id":3,
		"title": "夏天公交站台等车太热！喷雾降温来解决！雾盛为您服务！",
		"imagesPath": "images/1penwujiangwen/pengwujiangwen4.jpg"
	},
	{
		"id":4,
		"title": "夏天的建筑工地怎么过！！！选择雾盛！！！清凉过夏",
		"imagesPath": "images/1penwujiangwen/pengwujiangwen5.jpg"
	},
	{
		"id":5,
		"title": "夏天建筑工地太热，工期太赶怎么办，选择雾盛喷雾降温！！！",
		"imagesPath": "images/1penwujiangwen/pengwujiangwen6.jpg"
	},
	{
		"id":6,
		"title": "饭店生意太好，客人等位太热，我们帮您解决",
		"imagesPath": "images/1penwujiangwen/pengwujiangwen7.jpg"
	},
	{
		"id":7,
		"title": "饭店门口走廊喷雾降温！顾客清凉一夏",
		"imagesPath": "images/1penwujiangwen/pengwujiangwen8.jpg"
	},
	{
		"id":8,
		"title": "世博会人太多选择雾盛喷雾来降温",
		"imagesPath": "images/1penwujiangwen/pengwujiangwen9.jpg"
	},
	{
		"id":9,
		"title": "家乐福大型中央空调夏天外机太热喷雾降温",
		"imagesPath": "images/1penwujiangwen/pengwujiangwen10.jpg"
	},
	{
		"id":10,
		"title": "商业步行街喷雾降温！首选雾盛",
		"imagesPath": "images/1penwujiangwen/pengwujiangwen11.jpg"
	},
	{
		"id":11,
		"title": "高温生产车间夏天怎么过！雾盛帮您解决",
		"imagesPath": "images/1penwujiangwen/pengwujiangwen12.jpg"
	},
	{
		"id":12,
		"title": "汽车站公交站台人太多夏天喷雾降温",
		"imagesPath": "images/1penwujiangwen/pengwujiangwen13.jpg"
	},
	{
		"id":13,
		"title": "收费站喷雾降温送驾驶员清凉一夏",
		"imagesPath": "images/1penwujiangwen/pengwujiangwen14.jpg"
	},
	{
		"id":14,
		"title": "世界500强中国石化雾盛喷雾降温",
		"imagesPath": "images/1penwujiangwen/pengwujiangwen15.jpg"
	},
	{
		"id":15,
		"title": "上海东方明珠旅游选择雾盛喷雾降温",
		"imagesPath": "images/1penwujiangwen/pengwujiangwen16.jpg"
	},
	{
		"id":16,
		"title": "大型生产车间选择雾盛喷雾降温",
		"imagesPath": "images/1penwujiangwen/pengwujiangwen17.jpg"
	},
	{
		"id":17,
		"title": "养鸡场喷雾降温除臭",
		"imagesPath": "images/1penwujiangwen/pengwujiangwen18.png"
	},
	{
		"id":18,
		"title": "图书馆喷雾降温",
		"imagesPath": "images/1penwujiangwen/pengwujiangwen19.png"
	},
	{
		"id":19,
		"title": "天然气加气站喷雾降温",
		"imagesPath": "images/1penwujiangwen/pengwujiangwen20.png"
	},
	{
		"id":20,
		"title": "煤气灌装区喷雾加湿确保安全",
		"imagesPath": "images/1penwujiangwen/pengwujiangwen21.jpg"
	},
	{
		"id":21,
		"title": "车站人流太多喷雾降温",
		"imagesPath": "images/1penwujiangwen/pengwujiangwen22.jpg"
	},
	{
		"id":22,
		"title": "无锡马拉松喷雾降温",
		"imagesPath": "images/1penwujiangwen/pengwujiangwen23.jpg"
	},
	{
		"id":23,
		"title": "银桥剑湖高尔夫球场喷雾降温",
		"imagesPath": "images/1penwujiangwen/pengwujiangwen24.jpg"
	},
	{
		"id":24,
		"title": "工作车间加湿喷雾降温",
		"imagesPath": "images/1penwujiangwen/pengwujiangwen25.jpg"
	},
	{
		"id":25,
		"title": "物流车间高压喷雾降温",
		"imagesPath": "images/1penwujiangwen/pengwujiangwen26.jpg"
	},
	{
		"id":26,
		"title": "汽车站等候区利用喷雾降温",
		"imagesPath": "images/1penwujiangwen/pengwujiangwen27.jpg"
	},
	{
		"id":27,
		"title": "商业街喷雾降温",
		"imagesPath": "images/1penwujiangwen/pengwujiangwen28.jpg"
	},
	{
		"id":28,
		"title": "大商场二流体喷雾降温",
		"imagesPath": "images/1penwujiangwen/pengwujiangwen29.jpg"
	}
]
