[
	{
		"id":0,
		"title": "二流体加湿降温运用广泛！",
		"imagesPath": "images/4penwujiashi/penwujiashi1.jpg"
	},
	{
		"id":1,
		"title": "二流体微雾加湿降温!效果更佳",
		"imagesPath": "images/4penwujiashi/penwujiashi2.jpg"
	},
	{
		"id":2,
		"title": "超市蔬菜区选择喷雾加湿，蔬菜保持持久新鲜",
		"imagesPath": "images/4penwujiashi/penwujiashi3.jpg"
	},
	{
		"id":3,
		"title": "工业锡纸加工车间喷雾加湿",
		"imagesPath": "images/4penwujiashi/penwujiashi4.jpg"
	},
	{
		"id":4,
		"title": "自助餐展示挑选区喷雾加湿！",
		"imagesPath": "images/4penwujiashi/penwujiashi5.jpg"
	},
	{
		"id":5,
		"title": "粉尘干燥工作车间喷雾加湿除尘",
		"imagesPath": "images/4penwujiashi/penwujiashi6.jpg"
	},
	{
		"id":6,
		"title": "上海青浦镇百合种植园喷雾加湿",
		"imagesPath": "images/4penwujiashi/penwujiashi7.jpg"
	},
	{
		"id":7,
		"title": "家乐福蔬菜区加湿确保蔬菜新鲜",
		"imagesPath": "images/4penwujiashi/penwujiashi8.jpg"
	},
	{
		"id":8,
		"title": "花圃养殖喷雾加湿补充水分",
		"imagesPath": "images/4penwujiashi/penwujiashi9.jpg"
	},
	{
		"id":9,
		"title": "煤气灌装区喷雾加湿确保安全",
		"imagesPath": "images/4penwujiashi/penwujiashi10.jpg"
	},
	{
		"id":10,
		"title": "亚马逊自助餐饮加湿保鲜",
		"imagesPath": "images/4penwujiashi/penwujiashi11.jpg"
	},
	{
		"id":11,
		"title": "二流体加湿器",
		"imagesPath": "images/4penwujiashi/penwujiashi12.jpg"
	}
]
