[
	{
		"id":0,
		"title": "老房拆迁灰尘满天！喷雾除尘就OK！",
		"time": "2017-04-26",
		"imagesPath": "images/2penwuchuchen/penwuchuchen1.jpg"
	}, {
		"id":1,
		"title": "建筑工地周边灰尘太大！路过市民遭殃！雾盛喷雾降尘为您解决烦劳",
		"time": "2017-04-26",
		"imagesPath": "images/2penwuchuchen/penwuchuchen2.jpg"
	}, {
		"id":2,
		"title": "工地新开工！喷雾降尘就开始！周边居民感谢！",
		"time": "2017-04-26",
		"imagesPath": "images/2penwuchuchen/penwuchuchen3.jpg"
	}, {
		"id":3,
		"title": "建筑工地大风雹喷雾降尘",
		"time": "2017-04-26",
		"imagesPath": "images/2penwuchuchen/penwuchuchen4.jpg"
	} , {
		"id":4,
		"title": "家具厂加工车间喷雾除尘降尘",
		"time": "2017-04-26",
		"imagesPath": "images/2penwuchuchen/penwuchuchen5.jpg"
	}, {
		"id":5,
		"title": "燃煤加工区喷雾除尘降尘",
		"time": "2017-04-26",
		"imagesPath": "images/2penwuchuchen/penwuchuchen6.jpg"
	}, {
		"id":6,
		"title": "粉尘干燥工作车间喷雾加湿除尘",
		"time": "2017-04-26",
		"imagesPath": "images/2penwuchuchen/penwuchuchen7.jpg"
	}, {
		"id":7,
		"title": "煤厂喷雾除尘降低污染",
		"time": "2017-04-26",
		"imagesPath": "images/2penwuchuchen/penwuchuchen8.jpg"
	}, {
		"id":8,
		"title": "煤场喷雾除尘",
		"time": "2017-04-26",
		"imagesPath": "images/2penwuchuchen/penwuchuchen9.jpg"
	}, {
		"id":9,
		"title": "采石场输送带除尘",
		"time": "2017-04-26",
		"imagesPath": "images/2penwuchuchen/penwuchuchen10.jpg"
	}, {
		"id":10,
		"title": "采石人工走道除尘",
		"time": "2017-04-26",
		"imagesPath": "images/2penwuchuchen/penwuchuchen11.jpg"
	}, {
		"id":11,
		"title": "废料磨碎除尘",
		"time": "2017-04-26",
		"imagesPath": "images/2penwuchuchen/penwuchuchen12.jpg"
	}
]
