[
	{
	"id":0,
	"title":"养鸡场喷雾降温除臭",
	"imagesPath":"images/1penwujiangwen/pengwujiangwen18.png"
	},
	{
	"id":1,
	"title":"外滩18号景观造雾",
	"imagesPath":"images/3jingguanzaowu/jiangguanzaowu8.jpg"
	},
	{
	"id":2,
	"title":"世纪公园景观造雾",
	"imagesPath":"images/3jingguanzaowu/jiangguanzaowu9.jpg"
	},
	{
	"id":3,
	"title":"自助餐展示挑选区喷雾加湿",
	"imagesPath":"images/4penwujiashi/penwujiashi5.jpg"
	},
	{
	"id":4,
	"title":"养殖场喷雾除臭案例",
	"imagesPath":"images/5penwuchuchou/penwuchuchou6.jpg"
	}
]
