[
	{
		"id":0,
		"title":"喷雾除尘",
		"type":"chuchenshipin",
		"imagesPath":"sucai/video/chuchenshipin/1bd0ff1dcb3501ac31b4b380d1c51162.mp4"
	},
	{
		"id":1,
		"title":"喷雾除尘",
		"type":"chuchenshipin",
		"imagesPath":"sucai/video/chuchenshipin/6ce72a53496a719549995680f9fe97cd.mp4"
	},{
		"id":2,
		"title":"喷雾除尘",
		"type":"chuchenshipin",
		"imagesPath":"sucai/video/chuchenshipin/32565f724ec31c453bebf07433f5df78.mp4"
	},
	{
		"id":3,
		"title":"喷雾除尘",
		"type":"chuchenshipin",
		"imagesPath":"sucai/video/chuchenshipin/ae7e5e7f1f315413a2301eca2efa4625.mp4"
	},
	{
		"id":4,
		"title":"喷雾除尘",
		"type":"chuchenshipin",
		"imagesPath":"sucai/video/chuchenshipin/b87dec68f9e2bf62882eb4d278716834.mp4"
	},
	{
		"id":5,
		"title":"喷雾除尘",
		"type":"chuchenshipin",
		"imagesPath":"sucai/video/chuchenshipin/d2a850c189782d05e79991b65c088e33.mp4"
	},
	{
		"id":6,
		"title":"喷雾除尘",
		"type":"chuchenshipin",
		"imagesPath":"sucai/video/chuchenshipin/debd674ef2bc41e6bbe6d10396dccf7e.mp4"
	},
	{
		"id":7,
		"title":"景观造雾",
		"type":"jingguanzaowu",
		"imagesPath":"sucai/video/jianguanshipin/3accea881db185fbddba37db164fabf5.mp4"
	},
	{
		"id":8,
		"title":"景观造雾",
		"type":"jingguanzaowu",
		"imagesPath":"sucai/video/jianguanshipin/ae0e32af036c60effcb24f7cbc0bfb90.mp4"
	},
	{
		"id":9,
		"title":"景观造雾",
		"type":"jingguanzaowu",
		"imagesPath":"sucai/video/jianguanshipin/b84b4284ee55040dc512572951006b58.mp4"
	},
	{
		"id":10,
		"title": "喷雾降温",
		"type": "jiangwenshipin",
		"imagesPath": "sucai/video/jiangwenshipin/0cbb9c4eac6f394e24700ecafb8a96ea.mp4"
	},
	{
		"id":11,
		"title": "喷雾降温",
		"type": "jiangwenshipin",
		"imagesPath": "sucai/video/jiangwenshipin/1fb73cbb8ff9357c4fabd2c90946da2d.mp4"
	},
	{
		"id":12,
		"title": "喷雾降温",
		"type": "jiangwenshipin",
		"imagesPath": "sucai/video/jiangwenshipin/4b121b43776473b49fb058c5e98e105b.mp4"
	},
	{
		"id":13,
		"title": "喷雾降温",
		"type": "jiangwenshipin",
		"imagesPath": "sucai/video/jiangwenshipin/06f4707b40f3786e5c2d3f7337e8bcc0.mp4"
	},
	{
		"id":14,
		"title": "喷雾降温",
		"type": "jiangwenshipin",
		"imagesPath": "sucai/video/jiangwenshipin/380befb5c37d36065fb52f5936750517.mp4"
	},
	{
		"id":15,
		"title": "喷雾降温",
		"type": "jiangwenshipin",
		"imagesPath": "sucai/video/jiangwenshipin/dc256db6ae04bf6c661df55bdadf6a84.mp4"
	},
	{
		"id":16,
		"title": "喷雾降温",
		"type": "jiangwenshipin",
		"imagesPath": "sucai/video/jiangwenshipin/dcc1564a51f1574557a37302a1e17fa4.mp4"
	},
	{
		"id":17,
		"title": "喷雾降温",
		"type": "jiangwenshipin",
		"imagesPath": "sucai/video/jiangwenshipin/ec947d9dc1562a20bbe89f16d9bd306b.mp4"
	}
]
