[
	{
		"id":0,
		"title":"微型超声波加湿器",
		"imagesPath":"images/6wushengzhuji/wushengzhuji1.jpg"
	},{
		"id":1,
		"title":"高压微雾主机",
		"imagesPath":"images/6wushengzhuji/wushengzhuji2.jpg"
	},{
		"id":2,
		"title":"雾盛高端主机！远程APP控制，基本实现无噪音！",
		"imagesPath":"images/6wushengzhuji/wushengzhuji3.JPG"
	},{
		"id":3,
		"title":"河南工地主机现场",
		"imagesPath":"images/6wushengzhuji/wushengzhuji4.JPG"
	},{
		"id":4,
		"title":"淮安工程主机送到",
		"imagesPath":"images/6wushengzhuji/wushengzhuji5.JPG"
	},{
		"id":5,
		"title":"雾盛精品主机",
		"imagesPath":"images/6wushengzhuji/wushengzhuji6.JPG"
	},{
		"id":6,
		"title":"上海万科工地喷雾降温主机",
		"imagesPath":"images/6wushengzhuji/wushengzhuji7.JPG"
	},{
		"id":7,
		"title":"雾盛喷雾降温主机",
		"imagesPath":"images/6wushengzhuji/wushengzhuji8.JPG"
	},{
		"id":8,
		"title":"雾盛景观造雾机",
		"imagesPath":"images/6wushengzhuji/wushengzhuji9.JPG"
	}
]
