[
	{
		"id":0,
		"title":"PE高压管",
		"imagesPath":"images/7wushengguantouAndfenjian/guanjian1.jpg"
	},{
		"id":1,
		"title":"9.52高压紫铜管",
		"imagesPath":"images/7wushengguantouAndfenjian/guanjian2.jpg"
	},{
		"id":2,
		"title":"高压紫铜管",
		"imagesPath":"images/7wushengguantouAndfenjian/guanjian3.jpg"
	},{
		"id":3,
		"title":"红宝石撞针式雾化喷嘴",
		"imagesPath":"images/7wushengguantouAndfenjian/guanjian4.jpg"
	},{
		"id":4,
		"title":"红宝石雾化喷嘴",
		"imagesPath":"images/7wushengguantouAndfenjian/guanjian5.jpg"
	},{
		"id":5,
		"title":"高压连接直通",
		"imagesPath":"images/7wushengguantouAndfenjian/guanjian6.jpg"
	},{
		"id":6,
		"title":"高压雾化喷嘴",
		"imagesPath":"images/7wushengguantouAndfenjian/guanjian7.jpg"
	},{
		"id":7,
		"title":"不锈钢管连接喷坐",
		"imagesPath":"images/7wushengguantouAndfenjian/guanjian8.jpg"
	},{
		"id":8,
		"title":"高压pe管加喷坐",
		"imagesPath":"images/7wushengguantouAndfenjian/guanjian9.jpg"
	},{
		"id":9,
		"title":"不锈钢高压管开槽",
		"imagesPath":"images/7wushengguantouAndfenjian/guanjian10.jpg"
	},{
		"id":10,
		"title":"9.52不锈钢高压管",
		"imagesPath":"images/7wushengguantouAndfenjian/guanjian11.jpg"
	},{
		"id":11,
		"title":"喷雾降温高压喷嘴",
		"imagesPath":"images/7wushengguantouAndfenjian/guanjian12.jpg"
	}
]
